Account,total_pnl,avg_pnl,median_pnl,win_rate,trade_count,avg_size_usd,pnl_std,total_fees,avg_fee_ratio,long_pct,short_pct,avg_sentiment,unique_coins,profit_factor,sharpe,contrarian_ratio,cluster,x,y
0x083384f897ee0f19899168e3b1bec365f52a9012,1600229.819979,419.1277684596647,0.0,0.3596123624934521,3818,16159.57673389209,4692.452328769463,7405.312304,9.186662316018837e-05,0.1495547407019382,0.8507071765322158,53.75405971712939,2,216.0921449747138,0.08931955811036993,0.5474070193818753,1,1.3119892611775081,0.25689001575899967
0x23e7a7f8d14b550961925fbfdaa92f5d195ba5bd,47885.320514,6.5776539167582415,0.0,0.4427197802197802,7280,1653.2263269230768,134.07347277629353,2729.83788853,0.0002264533891436131,0.19848901098901098,0.15686813186813187,52.21346153846154,12,17.541452082264833,0.04906006968084803,0.06703296703296703,2,-1.0055660393836696,-1.3680986148810284
0x271b280974205ca63b716753467d5a371de622ab,-70436.191318,-18.49204287687057,0.0,0.3019165135206091,3809,8893.000897873459,542.1826592941622,9280.98285,0.00021556246453280088,0.046993961669729585,0.9498556051457075,39.40955631399317,8,-7.589303035723204,-0.034106666009835765,0.18876345497505906,2,-1.8193793272173682,-1.424204774491348
0x28736f43f1e871e6aa8b1148d38d4994275d72c4,132464.814554,9.951529904139434,0.0,0.43858462925400044,13311,507.6269326121253,113.26935264594304,2218.3673664509,0.00044913805168092735,0.44835098790474043,0.32326647133949366,68.77432198933214,94,59.712749365731305,0.08785721531618436,0.4043272481406356,2,-0.8437003035472457,0.1962603623430875
0x2c229d22b100a7beb69122eed721cee9b24011dd,168658.004994,52.0710111126891,0.429,0.5199135535659154,3239,3138.894782340228,255.82909123366827,3108.196722,0.0002893290053371519,0.9993825254708243,0.0006174745291756715,61.6674899660389,49,54.262332818327955,0.203538271826673,0.1528249459709787,0,0.9469135796173451,0.7793951987370595
0x3998f134d6aaa2b6a5f723806d00fd2bbbbce891,-31203.599986,-38.28662574969325,0.0,0.45521472392638035,815,1729.9411042944785,558.7787526232372,147.07476338,0.00012761401623684953,0.03803680981595092,0.1950920245398773,43.79754601226994,47,-212.16148351283513,-0.0685183994021842,0.0,2,-1.8736256473178978,-2.267236521229044
0x39cef799f8b69da1995852eea189df24eb5cae3c,14456.919335999997,4.0281190682641395,0.0,0.32766787405962666,3589,4790.5754862078575,730.495483644371,1458.65712607,0.00010154130904547685,0.17609361939258847,0.7868487043744776,30.92616327667874,13,9.911115558013748,0.0055142285728698075,0.1284480356645305,2,-1.3085587036238384,-1.4533495673204668
0x3f9a0aadc7f04a7c9d75dc1b5a6ddd6e36486cf6,53496.247243,161.13327482831323,0.0,0.4759036144578313,332,3445.471265060241,1279.8557881354639,176.274175917,0.00016950934433479758,0.5421686746987951,0.0,65.8855421686747,11,303.48317877366844,0.12589955549840307,0.015060240963855422,1,0.7831598257477227,-0.8096096332957741
0x420ab45e0bd8863569a5efbb9c05d91f40624641,199505.592732,520.9023308929503,0.0,0.2349869451697128,383,5189.367127937337,2228.336140282739,267.967088979,0.00013999304965087186,0.03655352480417755,0.9086161879895561,53.39425587467363,10,744.5152816793664,0.23376290563902824,0.4308093994778068,1,3.0194510464404463,-1.0115290649228097
0x430f09841d65beb3f27765503d0f850b8bce7713,416541.872341,336.735547567502,0.0,0.48423605497170574,1237,2397.824753435732,1649.4975803457905,747.006931,0.0003086205650590202,0.6386418755052546,0.2603071948261924,53.89894907033145,20,557.614467891731,0.2041443113223063,0.28940986257073564,1,2.2800819143390383,0.12449475847246098
0x47add9a56df66b524d5e2c1993a43cde53b6ed85,103343.716161,12.130967972884141,0.0,0.35344524005164923,8519,517.5289235825802,88.29284150392282,1230.8465211819,0.00029739690313202724,0.17502054231717337,0.6077004343232774,65.95480690221856,68,83.96149672809402,0.13739469436313437,0.5738936494893767,2,-0.3161643213504267,-0.20786308474457027
0x4acb90e786d897ecffb614dc822eb231b4ffb9f4,677747.050643,155.58931373806246,0.0,0.48622589531680444,4356,9084.699093204776,855.3540027082513,8025.99239419,0.0002216057265586814,0.897842056932966,0.09664830119375574,42.36730945821855,12,84.44401855322214,0.18190049177934542,0.5401744719926538,0,1.1752892743173722,1.789402205732956
0x4f93fead39b70a1824f981a54d4e55b278e9f760,308975.869716,40.740489150316456,0.0,0.3603639240506329,7584,17098.171054852322,656.6936282172401,40724.467403,0.0003191154368138402,0.734704641350211,0.26252637130801687,60.472573839662445,24,7.586983683750742,0.06203880683434793,0.3454641350210971,0,-0.749655583485914,1.2404610426573428
0x513b8629fe877bb581bf244e326a047b249c4ff1,840422.555216,68.68441935403726,0.0,0.40119320039228507,12236,34396.58028440667,639.4024436908079,76424.64289169,0.00018804972652035527,0.7178816606734227,0.20243543641712977,45.983491337038245,4,10.996748213885118,0.10741970105333314,0.3965348152991174,0,-0.5715533065228271,2.6288110313318303
0x6d6a4b953f202f8df5bed40692e7fd865318264a,108731.216772,111.51919668923077,0.0,0.4317948717948718,975,746.7256512820513,468.99598178257963,186.8360769324,0.00024641216888258966,0.01641025641025641,0.38461538461538464,50.012307692307694,17,581.960500119795,0.23778284041019696,0.06974358974358974,1,1.2617802737423067,-1.8084836167999334
0x72743ae2822edd658c0c50608fd7c5c501b2afbd,429355.565915,270.0349471163522,0.0,0.34591194968553457,1590,7216.667245283019,2525.2404372348287,1551.43726629,0.00011053918669262243,0.3955974842767296,0.4849056603773585,45.82641509433962,6,276.7469721426321,0.10693435093730877,0.5352201257861635,1,0.9871437866548242,0.17620782550394254
0x72c6a4624e1dffa724e6d00d64ceae698af892a0,403011.504159,281.8262266846154,0.0,0.3062937062937063,1430,2133.6673636363635,1591.523957653427,290.01104816,9.563579555785816e-05,0.12867132867132866,0.8594405594405594,50.03300561797753,26,1389.6419005963432,0.17707947488276915,0.5881118881118881,1,1.5490817851555283,-0.514937265303902
0x75f7eeb85dc639d5e99c78f95393aa9a5f1170d4,379095.406711,38.3195599627009,7.722845,0.8108763772364298,9893,2600.7780491256444,172.52077341762578,2595.25914168,0.00014710553946692114,0.48539371272617005,0.5113716769432932,62.944910542808046,98,146.07227487332867,0.22211562818548053,0.4333367027190943,0,0.9046683856523018,1.0293652103080204
0x7f4f299f74eec87806a830e3caa9afa5f2b9db8f,14900.443047,9.557692781911483,0.0,0.45221295702373315,1559,3748.8675112251444,72.5611952371814,780.21690296,0.00011984848277336097,0.24759461193072482,0.6927517639512508,27.763951250801796,7,19.097821375659063,0.13171906486201296,0.1994868505452213,2,-0.004773896608835845,-0.9187747947053158
0x8170715b3b381dffb7062c0298972d4727a0a63b,-167621.124781,-36.43145507085416,0.0,0.38274288198217776,4601,2204.6855314062163,1647.7789842055993,1579.38545192,0.0001315955858890187,0.15931319278417735,0.8348185177135405,50.056726798522064,7,-106.13059945387572,-0.022109430585084147,0.4492501630080417,2,-1.634562561936571,-0.7828713863576845
0x8381e6d82f1affd39a336e143e081ef7620a3b7f,65513.657906,34.2823955552067,0.0,0.33019361590790164,1911,6279.002286760858,325.75560971336085,3384.88221858,0.00015995246271479992,0.15384615384615385,0.11983254840397697,53.02564102564103,10,19.35478213876635,0.10523961685685933,0.07326007326007326,2,-0.30958060673595983,-1.4708423371137724
0x8477e447846c758f5a675856001ea72298fd9cb5,43917.008976,2.928191023869849,0.0,0.26196826243499133,14998,820.4285131350847,68.6130409480178,3792.54309547,0.0002957805432359245,0.10268035738098413,0.8936524869982664,64.20642752366982,94,11.579831229460947,0.0426768874169021,0.6997599679957328,2,-1.5319945466163891,-0.04409601087888064
0x92f17e8d81a944691c10e753af1b1baae1a2cd0d,126578.942134,41.47409637418087,0.0,0.2853866317169069,3052,3601.689298820446,220.3877348338997,2821.95879926,0.00026161622717567676,0.4226736566186107,0.3161861074705111,70.54390563564876,7,44.85499298118481,0.1881869533503703,0.32175622542595017,1,0.4294658098275551,-0.355136200253753
0xa0feb3725a9335f49874d7cd8eaad6be45b27416,106302.875256,6.81210350887536,0.0,0.3457866068567767,15605,1273.1950003204101,68.2349036218229,2287.9554331042,8.411224803590625e-05,0.8380006408202499,0.03274591477090676,59.14745273950657,15,46.461951888535175,0.09983312274653397,0.16129445690483818,2,-0.9212181928210158,0.46105644440674526
0xa520ded057a32086c40e7dd6ed4eb8efb82c00e0,72846.484272,174.6918088057554,8.418833,0.5731414868105515,417,2066.6892086330936,976.068751360001,189.93800451,0.00022830309956924032,0.06235011990407674,0.0,70.9832134292566,9,383.5276908374844,0.17897490167813418,0.05275779376498801,1,1.2516819100943635,-1.601629270812552
0xae5eacaf9c6b9111fd53034a602c192a04e082ed,67845.619531,120.50731710657195,0.0,0.40852575488454707,563,2979.4417761989343,474.8098365007934,548.72926461,0.00031624485617510865,0.8170515097690941,0.0,56.51687388987567,5,123.64133627759061,0.2538012228109571,0.3605683836589698,0,1.6891697414034377,0.6872064532795267
0xaf40fdc468c30116bd3307bcbf4a451a7ebf1deb,21758.831753,40.746875941947565,0.0,0.32209737827715357,534,8330.193370786517,288.26612386189584,541.7456094464,9.517375042842583e-05,0.7640449438202247,0.0,35.09925093632959,5,40.1642973631756,0.14135159343755843,0.649812734082397,0,0.3401048712104976,1.3120479674501084
0xb1231a4a2dd02f2276fa3c5e2a2f3436e6bfed23,2143382.597689,145.48174829898866,0.0,0.3371343243059798,14733,3837.885375008484,1374.0264020518678,15995.31825182,0.002155059683960593,0.31256363266137244,0.49949093870902056,54.610941424014115,69,134.00062217862524,0.10587987835003546,0.3943528134120681,2,-0.30324708830115815,-0.0028429194157010788
0xb899e522b5715391ae1d4f137653e7906c5e2115,22488.500821,4.648305254443986,0.0,0.4386109962794543,4838,22504.555828854896,332.0834053908585,28643.173715,0.00024175503751106166,0.6260851591566763,0.3739148408433237,28.20008267879289,7,0.7851260144829241,0.01399740299872251,0.6068623398098387,0,-1.1005916022465205,1.8872056177225118
0xbaaaf6571ab7d571043ff1e313a9609a10637864,940163.80622,44.364090516232544,0.0,0.46758210645526616,21192,3210.472831257078,567.7627628499143,8596.705666219,0.00013215756442983784,0.9998584371460929,0.0,32.08012457531144,3,109.3632657349664,0.07813842932133258,0.7981313703284258,0,-0.9222643545343167,2.799467188182881
0xbd5fead7180a9c139fa51a103cb6a2ce86ddb5c3,220519.061853,83.49831952025748,0.0,0.32752745172283226,2641,7852.098337750852,1530.5250331047494,4773.09848443,0.00017498547071545103,0.3411586520257478,0.6595986368799697,44.08254449072321,26,46.20040055162076,0.05455534389455677,0.5058689890193109,2,-0.3976132517751213,0.0008374675744937187
0xbee1707d6b44d4d52bfe19e41f8a828645437aab,836080.553077,20.806304824731235,0.0,0.428230141349791,40184,1844.2118863229146,264.1238803160226,13352.89970895,0.00021392548692598164,0.3067390005972526,0.28561118853274936,47.93149014533147,16,62.61415657279319,0.07877479612913689,0.26311467250647025,2,-2.3159321313551735,0.6723962730645708
