date,total_pnl,avg_pnl,trade_count,total_volume,avg_size,long_count,short_count,win_rate,sentiment_value,classification,cumulative_pnl,pnl_ma_7
2023-05-01,0.0,0.0,3,477.0,159.0,3,0,0.0,63.0,Greed,0.0,0.0
2023-12-05,0.0,0.0,9,50005.83,5556.203333333334,7,2,0.0,75.0,Extreme Greed,0.0,0.0
2023-12-14,-205.43473700000007,-18.675885181818188,11,113203.35,10291.213636363636,7,4,0.36363636363636365,72.0,Greed,-205.43473700000007,-68.4782456666667
2023-12-15,-24.632033999999997,-12.316016999999999,2,10609.95,5304.975,0,2,0.0,70.0,Greed,-230.06677100000007,-57.51669275000002
2023-12-16,0.0,0.0,3,15348.77,5116.256666666667,3,0,0.0,67.0,Greed,-230.06677100000007,-46.013354200000016
2023-12-17,304.982785,21.78448464285714,14,116278.02,8305.572857142857,14,0,0.5,73.0,Greed,74.9160139999999,12.486002333333317
2023-12-18,0.0,0.0,2,31164.179999999997,15582.089999999998,2,0,0.0,65.0,Greed,74.9160139999999,10.702287714285701
2023-12-19,1000.5386120000001,66.70257413333334,15,91602.41,6106.827333333334,15,0,0.6666666666666666,73.0,Greed,1075.454626,153.63637514285713
2023-12-20,162.732282,9.040682333333333,18,141636.79,7868.710555555556,18,0,0.4444444444444444,74.0,Greed,1238.186908,176.88384399999998
2023-12-21,537.211402,10.963498000000001,49,125233.97,2555.795306122449,49,0,0.5306122448979592,70.0,Greed,1775.39831,282.9761495714286
2023-12-22,141.832675,14.1832675,10,88874.28,8887.428,10,0,0.2,74.0,Greed,1917.2309850000001,306.7568222857143
2023-12-23,146.936704,11.302823384615383,13,78438.25,6033.711538461538,13,0,0.6153846153846154,70.0,Greed,2064.1676890000003,327.74778000000003
2023-12-24,1008.619956,25.862050153846155,39,402954.94,10332.177948717948,32,7,0.38461538461538464,71.0,Greed,3072.7876450000003,428.26737585714284
2023-12-25,-245.081348,-81.69378266666666,3,59948.51,19982.836666666666,3,0,0.0,73.0,Greed,2827.706297,393.25575471428573
2023-12-27,-704.8892269999999,-25.174615249999995,28,171411.06,6121.823571428571,28,0,0.14285714285714285,73.0,Greed,2122.81707,149.6232062857143
2023-12-28,-970.730876,-42.20569026086957,23,100117.25,4352.923913043478,23,0,0.0,73.0,Greed,1152.086194,-12.300101999999972
2023-12-29,508.92214299999995,10.178442859999999,50,569559.72,11391.1944,37,13,0.3,65.0,Greed,1661.008337,-16.341424714285715
2023-12-30,354.998648,6.826897076923077,52,702550.21,13510.58096153846,35,17,0.4423076923076923,68.0,Greed,2016.006985,14.110857142857144
2024-01-01,-129.53146,-7.196192222222223,18,264239.52999999997,14679.973888888888,14,4,0.05555555555555555,65.0,Greed,1886.475525,-25.384594857142854
2024-01-02,783.979116,46.11641858823529,17,121348.74,7138.1611764705885,0,17,0.47058823529411764,71.0,Greed,2670.4546410000003,-57.47614342857144
2024-01-03,866.015507,12.925604582089552,67,394499.36,5888.050149253731,67,0,0.417910447761194,70.0,Greed,3536.4701480000003,101.2519787142857
2024-01-04,-67.60364,-13.520728,5,99792.54000000001,19958.508,5,0,0.0,68.0,Greed,3468.8665080000005,192.29277685714283
2024-01-05,164.141565,2.486993409090909,66,1703942.66,25817.31303030303,42,24,0.19696969696969696,72.0,Greed,3633.0080730000004,354.4174112857142
2024-01-06,135.58166400000002,6.16280290909091,22,298521.4,13569.154545454547,19,3,0.45454545454545453,70.0,Greed,3768.5897370000002,301.0830571428572
2024-01-07,-835.681235,-8.615270463917525,97,1048850.06,10812.887216494846,79,18,0.09278350515463918,71.0,Greed,2932.908502,130.98593099999997
2024-01-08,-269.874439,-2.1083940546875,128,1522452.43,11894.159609375,81,47,0.25,71.0,Greed,2663.034063,110.93693399999997
2024-01-09,-826.349863,-11.804998042857143,70,870051.97,12429.313857142857,50,20,0.2571428571428571,76.0,Extreme Greed,1836.6842000000001,-119.11006300000005
2024-01-10,-1517.091342,-7.860576901554404,193,2057479.48,10660.515440414507,103,90,0.21243523316062177,73.0,Greed,319.5928580000002,-459.55389857142865
2024-01-11,-164.08950099999998,-7.813785761904761,21,305314.1,14538.766666666666,12,9,0.23809523809523808,76.0,Extreme Greed,155.50335700000022,-473.3375930000001
2024-01-12,-1925.519024,-275.0741462857143,7,200082.27,28583.181428571428,7,0,0.0,71.0,Greed,-1770.0156669999997,-771.8605342857144
2024-01-15,152.85358,10.918112857142857,14,50636.1,3616.8642857142854,14,0,0.6428571428571429,52.0,Neutral,-1617.1620869999997,-769.3931177142857
2024-01-16,-2299.171458,-255.4634953333333,9,116427.33,12936.37,9,0,0.3333333333333333,64.0,Greed,-3916.3335449999995,-978.4631495714285
2024-01-17,813.2741110000001,15.344794547169812,53,800831.03,15110.019433962265,28,25,0.20754716981132076,60.0,Greed,-3103.0594339999993,-823.7276424285714
2024-01-18,68.93319,1.4985476086956522,46,424631.52999999997,9231.120217391304,21,25,0.06521739130434782,63.0,Greed,-3034.126243999999,-695.8300634285714
2024-01-19,-385.419235,-8.029567395833334,48,428428.97,8925.603541666665,32,17,0.125,51.0,Neutral,-3419.545478999999,-534.1626195714285
2024-01-20,-146.57487000000003,-1.3827817924528305,106,1070090.51,10095.193490566038,62,44,0.14150943396226415,52.0,Neutral,-3566.120348999999,-531.6605294285714
2024-01-21,266.58114600000005,24.234649636363642,11,103129.74,9375.43090909091,4,7,0.2727272727272727,56.0,Greed,-3299.539202999999,-218.50336228571427
2024-01-22,1375.640959,16.18401128235294,85,337878.99,3975.0469411764707,50,35,0.27058823529411763,55.0,Greed,-1923.8982439999988,-43.81945099999997
2024-01-23,-369.2447299999998,-8.20543844444444,45,414518.93000000005,9211.531777777778,27,18,0.24444444444444444,50.0,Neutral,-2293.1429739999985,231.8843672857143
2024-01-24,-2808.353815,-41.29932080882353,68,965084.59,14192.42044117647,41,27,0.14705882352941177,48.0,Neutral,-5101.496788999999,-285.49105071428573
2024-01-25,-3093.6293849999997,-515.6048975,6,66566.13,11094.355000000001,6,0,0.0,52.0,Neutral,-8195.126173999999,-737.2857042857142
2024-01-26,90.2,18.04,5,11773.21,2354.642,5,0,0.2,49.0,Neutral,-8104.926173999999,-669.3400992857142
2024-01-28,-2478.06972,-225.27906545454545,11,18109.03,1646.2754545454545,11,0,0.0,54.0,Neutral,-10582.995894,-1002.410792142857
2024-01-29,486.562542,6.5751694864864865,74,414208.18,5597.407837837838,46,28,0.6081081081081081,55.0,Greed,-10096.433352,-970.9848784285714
2024-01-30,-173.65419100000003,-3.5439630816326537,49,401011.38,8183.905714285715,19,30,0.10204081632653061,61.0,Greed,-10270.087543,-1192.312757
2024-01-31,-799.840817,-0.93113017112922,859,6305647.13,7340.683504074505,408,453,0.2689173457508731,60.0,Greed,-11069.92836,-1253.8264837142856
2024-02-01,0.0,0.0,6,2008.18,334.69666666666666,6,0,0.0,63.0,Greed,-11069.92836,-852.6330815714285
2024-02-02,456.423473,10.867225547619048,42,474278.43,11292.343571428572,28,14,0.30952380952380953,63.0,Greed,-10613.504887,-345.4826732857144
2024-02-03,223.30918699999998,3.9876640535714283,56,603820.0,10782.5,18,38,0.10714285714285714,60.0,Greed,-10390.195699999998,-326.4670751428572
2024-02-04,47.62389499999999,1.360682714285714,35,203187.53,5805.358,23,12,0.2571428571428571,60.0,Greed,-10342.571804999998,34.34629842857136
2024-02-05,-33.45419400000003,-0.4646415833333337,72,770198.26,10697.198055555556,47,25,0.19444444444444445,60.0,Greed,-10376.025998999998,-39.94180671428579
2024-02-06,-215.615907,-0.19817638511029412,1088,8047153.41,7396.280707720588,541,564,0.1645220588235294,64.0,Greed,-10591.641905999997,-45.93633757142864
2024-02-07,241.24212,16.082808,15,6758.73,450.582,5,10,0.13333333333333333,62.0,Greed,-10350.399785999996,102.78979628571422
2024-02-08,770.756024,77.07560240000001,10,26051.12,2605.112,4,6,0.4,66.0,Greed,-9579.643761999996,212.89779971428564
2024-02-11,983.443176,28.924799294117648,34,212311.82,6244.465294117647,22,12,0.20588235294117646,71.0,Greed,-8596.200585999995,288.18632871428565
2024-02-12,913.8817869999998,57.11761168749999,16,227247.69999999998,14202.981249999999,4,12,0.375,70.0,Greed,-7682.318798999995,386.83955728571425
2024-02-13,559.44389,39.960277857142856,14,1999.99,142.85642857142858,14,0,1.0,79.0,Extreme Greed,-7122.874908999995,459.95669942857137
2024-02-14,3830.599833,34.509908405405405,111,320839.88,2890.4493693693694,74,37,0.7477477477477478,74.0,Greed,-3292.2750759999944,1011.9644175714285
2024-02-15,1840.797677,29.219010746031746,63,185188.04,2939.4926984126987,8,55,0.9047619047619048,72.0,Greed,-1451.4773989999944,1305.7377867142857
2024-02-16,5491.768834,30.174554032967034,182,564896.51,3103.826978021978,61,121,0.8021978021978022,72.0,Greed,4040.291435000006,2055.8130315714284
2024-02-17,1929.6418,20.52810425531915,94,406118.07,4320.405,69,25,0.648936170212766,76.0,Extreme Greed,5969.933235000006,2221.368142428571
2024-02-18,477.6248299999999,4.923967319587628,97,157048.17,1619.0532989690723,82,15,0.6288659793814433,72.0,Greed,6447.558065000006,2149.1083787142857
2024-02-19,4317.768563,42.750183792079206,101,286377.2,2835.417821782178,57,45,0.7623762376237624,75.0,Extreme Greed,10765.326628000006,2635.377918142857
2024-02-20,3263.628824,83.68279035897436,39,119419.72,3062.0441025641026,29,10,0.7948717948717948,72.0,Greed,14028.955452000006,3021.6900515714287
2024-02-21,1858.7985700000002,84.49084409090909,22,108047.51999999999,4911.250909090909,22,0,0.6818181818181818,78.0,Extreme Greed,15887.754022000006,2740.004156857143
2024-02-22,3894.1050699999996,44.25119397727272,88,373033.87,4239.02125,88,2,0.45454545454545453,74.0,Greed,19781.859092000006,3033.333784428571
2024-02-23,1418.55293,9.91995055944056,143,111106.14,776.966013986014,11,132,0.958041958041958,76.0,Extreme Greed,21200.412022000008,2451.4457981428573
2024-02-25,-30.7705,-6.1541,5,4480.13,896.0260000000001,0,5,0.0,74.0,Greed,21169.64152200001,2171.3868981428573
2024-02-26,4416.8473,113.25249487179488,39,192187.14,4927.875384615385,9,30,0.8717948717948718,72.0,Greed,25586.48882200001,2734.1329652857144
2024-02-27,888.511733,14.103360841269842,63,209362.3,3323.2111111111108,23,40,0.4126984126984127,79.0,Extreme Greed,26475.00055500001,2244.2391324285713
2024-02-28,2503.747235,55.63882744444444,45,171107.13,3802.380666666667,12,33,0.8666666666666667,82.0,Extreme Greed,28978.74779000001,2135.684619714286
2024-02-29,9813.996992,84.60342234482759,116,395666.73,3410.9200862068965,46,71,0.8620689655172413,80.0,Extreme Greed,38792.74478200001,3272.141537142857
2024-03-01,8244.241409,60.176944591240876,137,472974.7,3452.370072992701,107,30,0.9343065693430657,80.0,Extreme Greed,47036.98619100001,3893.5895855714293
2024-03-02,230.90060000000005,7.448406451612905,31,63197.56,2038.6309677419354,2,29,0.6774193548387096,80.0,Extreme Greed,47267.88679100001,3723.924967
2024-03-03,8361.086245,105.83653474683545,79,390745.68,4946.1478481012655,60,19,0.6835443037974683,83.0,Extreme Greed,55628.97303600001,4922.761644857143
2024-03-04,27799.775742,92.66591914,300,1577996.87,5259.989566666667,149,151,0.8866666666666667,82.0,Extreme Greed,83428.74877800001,8263.179993714286
2024-03-05,19791.026041,109.95014467222222,180,841810.32,4676.724,132,48,0.9055555555555556,90.0,Extreme Greed,103219.77481900001,10963.53918057143
2024-03-06,6814.825139,83.10762364634145,82,327218.02,3990.4636585365856,29,53,0.8780487804878049,75.0,Extreme Greed,110034.599958,11579.407452571428
2024-03-08,4271.886236,63.7594960597015,67,183583.18,2740.047462686567,48,19,0.8805970149253731,81.0,Extreme Greed,114306.48619400001,10787.67734457143
2024-03-09,9949.501624,85.03847541880343,117,658178.75,5625.459401709401,26,91,0.8290598290598291,84.0,Extreme Greed,124255.98781800001,11031.285946714286
2024-03-10,2482.9272,59.117314285714286,42,219973.85,5237.472619047619,0,42,0.6904761904761905,79.0,Extreme Greed,126738.91501800001,11353.004032428571
2024-03-11,3588.179495,85.43284511904761,42,176519.44999999998,4202.844047619047,29,13,0.9285714285714286,82.0,Extreme Greed,130327.09451300002,10671.160210999999
2024-03-12,3039.166,379.89575,8,103040.85,12880.10625,8,0,0.875,81.0,Extreme Greed,133366.26051300002,7133.930247857143
2024-03-13,0.0,0.0,7,6000.799999999999,857.2571428571428,7,0,0.0,81.0,Extreme Greed,133366.26051300002,4306.640813428571
2024-03-14,3465.865832,192.5481017777778,18,205933.18,11440.732222222221,18,0,0.8888888888888888,88.0,Extreme Greed,136832.12634500003,3828.218055285714
2024-03-15,6236.513651,100.58892985483871,62,351894.41,5675.71629032258,39,23,0.6612903225806451,83.0,Extreme Greed,143068.639996,4108.8791145714285
2024-03-16,228.57984,28.57248,8,37223.66,4652.9575,6,2,0.125,81.0,Extreme Greed,143297.219836,2720.1760025714284
2024-03-17,503.293955,21.882345869565217,23,99506.95,4326.389130434783,16,7,0.43478260869565216,79.0,Extreme Greed,143800.513791,2437.371253285714
2024-03-18,1456.9577,76.68198421052631,19,90458.08,4760.951578947369,19,0,0.3157894736842105,77.0,Extreme Greed,145257.471491,2132.910996857143
2024-03-19,668.797973,27.86658220833333,24,219884.84,9161.868333333334,14,10,0.20833333333333334,79.0,Extreme Greed,145926.269464,1794.286993
2024-03-20,6423.134599,93.08890723188406,69,215705.85,3126.171739130435,45,24,0.8695652173913043,74.0,Greed,152349.40406300002,2711.87765
2024-03-21,2335.5080749999997,83.41100267857142,28,117895.57,4210.556071428572,5,23,0.8214285714285714,78.0,Extreme Greed,154684.912138,2550.3979704285716
2024-03-24,1297.018477,68.26413036842105,19,92592.20999999999,4873.274210526315,0,19,0.7894736842105263,74.0,Greed,155981.93061500002,1844.7558027142857
2024-03-25,1302.916428,186.13091828571427,7,57116.32,8159.4742857142855,6,1,0.8571428571428571,75.0,Extreme Greed,157284.84704300002,1998.232458142857
2024-03-26,3215.906593,27.253445703389833,118,198565.19,1682.7558474576272,116,2,0.9322033898305084,81.0,Extreme Greed,160500.753636,2385.7485492857145
2024-03-27,150.41114,3.9581878947368416,38,99864.79,2628.020789473684,24,14,0.3157894736842105,83.0,Extreme Greed,160651.16477600002,2199.099040714286
2024-03-28,227.85100799999998,17.527000615384615,13,35323.72,2717.209230769231,3,10,0.6923076923076923,80.0,Extreme Greed,160879.01578400002,2136.106617142857
2024-03-29,883.097404,58.873160266666666,15,86914.37,5794.291333333333,15,0,0.4,79.0,Extreme Greed,161762.11318800002,1344.672732142857
2024-03-30,1100.57514,24.45722533333333,45,101103.92,2246.753777777778,45,0,0.9777777777777777,75.0,Extreme Greed,162862.68832800002,1168.2537414285714
2024-03-31,912.786145,70.21431884615384,13,39912.96,3070.2276923076925,10,3,0.7692307692307693,75.0,Extreme Greed,163775.474473,1113.3634082857145
2024-04-01,2507.963406,32.57095332467532,77,339470.47,4408.7074025974025,69,9,0.5454545454545454,79.0,Extreme Greed,166283.437879,1285.5129765714285
2024-04-02,883.760812,21.555141756097562,41,239664.50999999998,5845.475853658536,16,25,0.2926829268292683,79.0,Extreme Greed,167167.198691,952.3492935714286
2024-04-03,126.7884,31.6971,4,16887.57,4221.8925,4,0,0.25,71.0,Greed,167293.987091,948.9746164285715
2024-04-04,0.0,0.0,32,95987.73,2999.6165625,0,32,0.0,70.0,Greed,167293.987091,916.4244724285714
2024-04-05,10706.484306,107.06484306,100,503791.8,5037.918,93,7,0.9,79.0,Extreme Greed,178000.471397,2319.7654584285715
2024-04-06,236.33513399999998,14.770945874999999,16,68223.67,4263.979375,4,12,0.25,75.0,Extreme Greed,178236.80653099998,2196.3026004285716
2024-04-07,0.0,0.0,23,49988.14,2173.397391304348,0,23,0.0,78.0,Extreme Greed,178236.80653099998,2065.904579714286
2024-04-08,1218.4267,40.614223333333335,30,211940.64,7064.688,0,30,0.03333333333333333,76.0,Extreme Greed,179455.233231,1881.6850502857144
2024-04-09,0.0,0.0,3,57063.840000000004,19021.280000000002,0,3,0.0,80.0,Extreme Greed,179455.233231,1755.4335057142857
2024-04-10,5207.443414,127.01081497560976,41,351735.97,8578.926097560974,6,35,0.8780487804878049,78.0,Extreme Greed,184662.676645,2481.241364857143
2024-04-11,389.743164,24.35894775,16,76400.96,4775.06,16,0,0.125,76.0,Extreme Greed,185052.419809,2536.918959714286
2024-04-12,-592.6458390000001,-4.594153790697676,129,442088.59,3427.0433333333335,114,15,0.5503875968992248,79.0,Extreme Greed,184459.77397,922.7575104285714
2024-04-13,6621.451755,74.3983343258427,89,486411.25,5465.294943820225,63,26,0.6853932584269663,72.0,Greed,191081.225725,1834.9170277142857
2024-04-14,-36104.012520000004,-337.4206777570094,107,659162.17,6160.394112149533,80,27,0.308411214953271,72.0,Greed,154977.21320499998,-3322.799046571429
2024-04-15,3774.08872,92.05094439024391,41,291111.19,7100.272926829269,27,14,0.8536585365853658,74.0,Greed,158751.30192499998,-2957.7044722857145
2024-04-16,2467.702221,52.504302574468085,47,181907.17,3870.3653191489366,14,31,0.9148936170212766,65.0,Greed,161219.004146,-2605.175583571429
2024-04-17,2441.4683999999997,174.39059999999998,14,97562.99,6968.785000000001,0,14,0.9285714285714286,67.0,Greed,163660.472546,-3000.3148712857146
2024-04-19,1946.4454620000001,55.61272748571429,35,337257.92000000004,9635.940571428573,32,3,0.7714285714285715,66.0,Greed,165606.918008,-2777.928828714286
2024-04-20,0.0,0.0,22,60733.24,2760.601818181818,0,2,0.0,66.0,Greed,165606.918008,-2693.2651374285715
2024-04-22,0.0,0.0,9,47993.61,5332.623333333333,0,9,0.0,73.0,Greed,165606.918008,-3639.186816714286
2024-04-23,1119.536196,16.962669636363636,66,233054.9,3531.1348484848486,37,30,0.5303030303030303,71.0,Greed,166726.454204,1678.462999857143
2024-04-24,279.185907,13.95929535,20,141275.24,7063.762,20,0,0.3,72.0,Greed,167005.64011100002,1179.1911694285716
2024-04-25,0.0,0.0,74,120241.01,1624.8785135135136,6,0,0.0,72.0,Greed,167005.64011100002,826.6622807142857
2024-04-26,0.0,0.0,3,4988.290000000001,1662.7633333333335,0,0,0.0,70.0,Greed,167005.64011100002,477.88108071428576
2024-04-27,4281.488139,158.57363477777778,27,154264.47,5713.498888888889,19,8,0.7037037037037037,67.0,Greed,171287.12825,811.458606
2024-04-28,0.0,0.0,58,43985.6,758.3724137931034,0,8,0.0,65.0,Greed,171287.12825,811.458606
2024-04-29,526.9338359999999,11.709640799999999,45,108699.01,2415.5335555555553,7,24,0.37777777777777777,67.0,Greed,171814.06208600002,886.7348682857144
2024-04-30,0.0,0.0,24,125018.75,5209.114583333333,24,0,0.0,67.0,Greed,171814.06208600002,726.8011260000001
2024-05-01,0.0,0.0,14,87025.45,6216.103571428571,14,0,0.0,54.0,Neutral,171814.06208600002,686.917425
2024-05-03,5306.017045,147.3893623611111,36,282682.64999999997,7852.295833333333,18,12,0.4722222222222222,48.0,Neutral,177120.079131,1444.91986
2024-05-04,0.0,0.0,9,58998.75,6555.416666666667,0,9,0.0,67.0,Greed,177120.079131,1444.91986
2024-05-05,0.916,0.15266666666666667,6,24068.350000000002,4011.391666666667,0,6,0.16666666666666666,69.0,Greed,177120.995131,833.4095544285714
2024-05-06,968.59038,107.62115333333333,9,206016.43,22890.714444444442,4,5,0.4444444444444444,71.0,Greed,178089.585511,971.7796087142857
2024-05-07,883.537693,49.08542738888889,18,108717.58,6039.865555555556,5,8,0.5,68.0,Greed,178973.123204,1022.7230168571429
2024-05-08,1.56576,0.12044307692307693,13,65973.57,5074.89,12,1,0.07692307692307693,64.0,Greed,178974.688964,1022.9466968571429
2024-05-09,1147.595856,40.985566285714285,28,221966.12,7927.361428571428,20,5,0.39285714285714285,55.0,Greed,180122.28482,1186.8889619999998
2024-05-10,2101.741695,95.53371340909092,22,156882.0,7131.0,10,12,0.2727272727272727,66.0,Greed,182224.026515,729.1353405714286
2024-05-11,251.604742,27.956082444444444,9,63248.95,7027.661111111111,9,0,1.0,53.0,Neutral,182475.631257,765.0788751428572
2024-05-12,0.0,0.0,23,55179.56,2399.111304347826,17,0,0.0,56.0,Greed,182475.631257,764.9480179999999
2024-05-13,2136.853859,76.31620925,28,193118.9,6897.103571428571,15,10,0.35714285714285715,57.0,Greed,184612.485116,931.8428007142858
2024-05-14,1150.5233050000002,50.02275239130436,23,145853.4,6341.452173913043,19,4,0.17391304347826086,66.0,Greed,185763.008421,969.9836024285714
2024-05-15,948.970582,26.360293944444447,36,234922.57,6525.626944444444,24,12,0.4722222222222222,64.0,Greed,186711.97900300001,1105.3271484285713
2024-05-16,214.5898,7.94777037037037,27,162620.96,6022.998518518518,9,15,0.18518518518518517,70.0,Greed,186926.568803,972.0405689999999
2024-05-18,3522.3946610000003,140.89578644000002,25,126303.14,5052.1256,9,16,0.64,73.0,Greed,190448.963464,1174.9909927142858
2024-05-19,0.0,0.0,8,29998.09,3749.76125,8,0,0.0,72.0,Greed,190448.963464,1139.0474581428573
2024-05-20,-74.818442,-7.4818442,10,38124.75,3812.475,10,0,0.0,70.0,Greed,190374.145022,1128.3591092857143
2024-05-21,7289.397571999999,58.31518057599999,125,1100948.59,8807.588720000002,32,93,0.112,76.0,Extreme Greed,197663.542594,1864.4367825714285
2024-05-22,0.0,0.0,6,44995.29,7499.215,0,6,0.0,76.0,Extreme Greed,197663.542594,1700.0763104285713
2024-05-23,413.347329,1.2718379353846154,325,401850.6,1236.4633846153845,90,236,0.4461538461538462,76.0,Extreme Greed,198076.889923,1623.5587028571426
2024-05-24,821.949278,410.974639,2,50811.899999999994,25405.949999999997,2,0,1.0,74.0,Greed,198898.839201,1710.3243425714284
2024-05-25,14.126038999999999,0.8828774374999999,16,29991.129999999997,1874.4456249999998,2,14,0.3125,76.0,Extreme Greed,198912.96524,1209.1431108571428
2024-05-26,778.6839,48.66774375,16,53976.67,3373.541875,2,14,0.25,75.0,Extreme Greed,199691.64914,1320.383668
2024-05-27,1129.35587,4.499425776892431,251,151115.72,602.0546613545816,0,251,0.35856573705179284,74.0,Greed,200821.00501,1492.4085697142855
2024-05-29,277.791953,1.6938533719512194,164,84268.76,513.8339024390243,15,144,0.4146341463414634,72.0,Greed,201098.796963,490.7506241428572
2024-05-30,20.951433,2.9930618571428576,7,2838.09,405.4414285714286,0,7,0.7142857142857143,73.0,Greed,201119.748396,493.74368599999997
2024-05-31,25.35812,1.9506246153846154,13,3636.14,279.70307692307694,0,13,0.3076923076923077,73.0,Greed,201145.106516,438.31665614285714
2024-06-01,91.510419,3.66041676,25,12834.62,513.3848,0,25,0.36,72.0,Greed,201236.616935,333.96824771428567
2024-06-02,192.906947,2.074268247311828,93,29464.51,316.822688172043,0,93,0.3655913978494624,73.0,Greed,201429.523882,359.5083774285714
2024-06-03,562.808208,8.040117257142859,70,21466.86,306.66942857142857,0,70,0.6285714285714286,73.0,Greed,201992.33209,328.6689928571429
2024-06-04,52.211438,0.9851214716981133,53,24243.41,457.42283018867926,0,53,0.4716981132075472,73.0,Greed,202044.543528,174.79121685714287
2024-06-05,56.055506,1.038064925925926,54,25350.77,469.4587037037037,0,54,0.2962962962962963,75.0,Extreme Greed,202100.599034,143.11458157142857
2024-06-06,274.173187,1.1716802863247862,234,137557.76,587.8536752136753,2,232,0.42735042735042733,78.0,Extreme Greed,202374.77222100002,179.28911785714286
2024-06-07,8902.467416,20.23288049090909,440,1098588.76,2496.7926363636366,119,307,0.4,77.0,Extreme Greed,211277.23963700002,1447.4475887142855
2024-06-08,129.13883900000002,4.453063413793104,29,97351.88,3356.961379310345,29,0,0.27586206896551724,72.0,Greed,211406.378476,1452.823077285714
2024-06-09,0.0,0.0,17,22410.22,1318.2482352941176,5,0,0.0,75.0,Extreme Greed,211406.378476,1425.2649419999998
2024-06-10,31.266804999999998,0.589939716981132,53,46587.93,879.0175471698113,4,49,0.33962264150943394,72.0,Greed,211437.645281,1349.3304558571429
2024-06-11,4320.631811,35.12708789430894,123,373279.92,3034.7960975609753,54,8,0.13821138211382114,74.0,Greed,215758.277092,1959.1047948571427
2024-06-12,-21886.531493,-86.16744682283463,254,193407.96,761.4486614173228,0,217,0.08267716535433071,72.0,Greed,193871.74559900002,-1175.5504907142856
2024-06-13,6632.757115,83.95895082278481,79,132577.22,1678.1926582278481,4,17,0.24050632911392406,70.0,Greed,200504.502714,-267.181358142857
2024-06-14,10258.592609,330.9223422258064,31,139868.66,4511.892258064517,16,15,0.4838709677419355,74.0,Greed,210763.095323,-73.4491877142856
2024-06-15,3369.958346,43.20459417948718,78,718350.25,9209.61858974359,47,31,0.48717948717948717,74.0,Greed,214133.053669,389.5250275714287
2024-06-16,0.0,0.0,11,25235.079999999998,2294.0981818181817,0,11,0.0,71.0,Greed,214133.053669,389.52502757142867
2024-06-17,10599.502375,278.9342730263158,38,368380.12,9694.213684210526,14,24,0.6578947368421053,71.0,Greed,224732.556044,1899.272966142857
2024-06-18,282.57636,11.3030544,25,263314.79,10532.5916,25,0,0.16,74.0,Greed,225015.132404,1322.4079017142856
2024-06-19,4887.656944,80.12552367213115,61,417071.12,6837.231475409836,34,4,0.5081967213114754,64.0,Greed,229902.789348,5147.291964142857
2024-06-20,57478.456026,1473.8065647692308,39,207990.8,5333.097435897435,0,8,0.20512820512820512,60.0,Greed,287381.245374,12410.963237142856
2024-06-21,773.5582039999999,9.66947755,80,176264.49,2203.306125,17,15,0.0375,63.0,Greed,288154.803578,11055.958322142857
2024-06-22,756.876565,31.536523541666668,24,169594.27000000002,7066.427916666667,12,0,0.3333333333333333,53.0,Neutral,288911.680143,10682.660924857144
2024-06-23,0.0,0.0,5,1792.12,358.424,0,0,0.0,55.0,Greed,288911.680143,10682.660924857144
2024-06-24,0.0,0.0,31,403002.8,13000.090322580645,25,0,0.0,51.0,Neutral,288911.680143,9168.446299857143
2024-06-25,4869.353105,99.3745531632653,49,103099.08,2104.062857142857,0,28,0.22448979591836735,30.0,Fear,293781.03324799996,9823.700120571428
2024-06-26,4197.732182,58.30183586111111,72,365190.66000000003,5072.092500000001,21,10,0.2916666666666667,46.0,Neutral,297978.76542999997,9725.139440285713
2024-06-27,0.0,0.0,30,130486.95,4349.565,0,18,0.0,40.0,Fear,297978.76542999997,1513.9314365714285
2024-06-29,6150.326145,82.0043486,75,280095.11,3734.6014666666665,5,23,0.32,30.0,Fear,304129.09157499997,2282.041142428571
2024-06-30,0.0,0.0,14,30520.69,2180.049285714286,3,0,0.0,47.0,Neutral,304129.09157499997,2173.915918857143
2024-07-01,5065.839308,79.1537391875,64,362670.14999999997,5666.721093749999,22,17,0.40625,53.0,Neutral,309194.93088299996,2897.6072485714285
2024-07-02,2421.253116,134.514062,18,33347.47,1852.6372222222224,0,8,0.7222222222222222,51.0,Neutral,311616.18399899994,3243.5005508571426
2024-07-03,1118.387284,62.132626888888886,18,179600.66,9977.814444444444,7,4,0.2222222222222222,50.0,Neutral,312734.57128299994,2707.648290714286
2024-07-04,0.0,0.0,25,430568.01,17222.720400000002,22,0,0.0,44.0,Fear,312734.57128299994,2107.9722647142858
2024-07-05,0.0,0.0,32,272289.89,8509.0590625,20,0,0.0,29.0,Fear,312734.57128299994,2107.9722647142858
2024-07-06,108.87217799999999,4.53634075,24,2490.17,103.75708333333334,0,0,0.2916666666666667,26.0,Fear,312843.44346099993,1244.9074122857141
2024-07-07,61.428942,6.1428942,10,498.75,49.875,0,0,1.0,29.0,Fear,312904.87240299996,1253.6829754285716
2024-07-08,0.0,0.0,1,497.64,497.64,0,0,0.0,28.0,Fear,312904.87240299996,529.9916457142857
2024-07-09,648.984412,43.265627466666665,15,2736.45,182.42999999999998,0,0,1.0,27.0,Fear,313553.85681499995,276.81040228571425
2024-07-10,11977.734907,213.88812333928573,56,687900.21,12283.93232142857,43,8,0.6785714285714286,28.0,Fear,325531.5917219999,1828.145777
2024-07-11,1876.812082,98.77958326315789,19,169887.02,8941.422105263156,19,0,0.47368421052631576,29.0,Fear,327408.40380399994,2096.2617887142856
2024-07-12,1412.314654,74.33235021052631,19,89582.97,4714.893157894737,10,9,0.47368421052631576,25.0,Fear,328820.71845799993,2298.021025
2024-07-13,2913.617837,171.38928452941175,17,139189.19,8187.599411764706,13,0,1.0,25.0,Fear,331734.3362949999,2698.6989762857143
2024-07-14,0.0,0.0,7,84001.13,12000.16142857143,0,7,0.0,33.0,Fear,331734.3362949999,2689.923413142857
2024-07-15,-1.0,-0.038461538461538464,26,198344.85,7628.6480769230775,0,26,0.0,52.0,Neutral,331733.3362949999,2689.780556
2024-07-16,0.0,0.0,22,144000.57,6545.480454545454,0,22,0.0,65.0,Greed,331733.3362949999,2597.0684971428573
2024-07-17,1859.269477,5.297064037037037,351,626005.53,1783.4915384615385,0,351,0.4131054131054131,69.0,Greed,333592.6057719999,1151.5734357142858
2024-07-18,3803.884311,63.398071849999994,60,649704.85,10828.414166666666,12,48,0.8,61.0,Greed,337396.4900829999,1426.8694684285713
2024-07-19,2155.891114,93.73439626086956,23,150269.42,6533.453043478262,13,10,0.5217391304347826,60.0,Greed,339552.3811969999,1533.0946769999998
2024-07-20,2299.169566,8.643494609022557,266,244362.21,918.65492481203,5,261,0.12406015037593984,74.0,Greed,341851.5507629999,1445.3163525714285
2024-07-21,-2960.716887,-6.608743051339286,448,234307.46,523.0077232142856,3,445,0.046875,74.0,Greed,338890.8338759999,1022.3567972857143
2024-07-22,1517.119876,9.851427766233765,154,304213.8,1975.4142857142856,14,141,0.14285714285714285,70.0,Greed,340407.9537519999,1239.2310652857143
2024-07-23,89890.302206,242.9467627189189,370,358526.54,968.9906486486486,231,139,0.8891891891891892,71.0,Greed,430298.25595799985,14080.702808999999
2024-07-24,625.561479,6.9506831,90,69207.93,768.977,3,27,0.2,69.0,Greed,430923.8174369999,13904.458809285714
2024-07-25,916.7382600000001,11.753054615384617,78,528555.31,6776.350128205129,65,10,0.1282051282051282,68.0,Greed,431840.5556969999,13492.009373428571
2024-07-26,2766.513113,18.200744164473683,152,548587.65,3609.1292763157894,39,111,0.40131578947368424,68.0,Greed,434607.0688099999,13579.241087571429
2024-07-27,6400.623656,112.2916430877193,57,905199.75,15880.697368421053,51,5,0.7368421052631579,72.0,Greed,441007.6924659999,14165.16310042857
2024-07-28,587.29903,36.706189375,16,43254.68,2703.4175,3,13,0.75,71.0,Greed,441594.9914959999,14672.022517142856
2024-07-29,330.80445399999996,8.482165487179486,39,327199.14,8389.72153846154,28,11,0.41025641025641024,74.0,Greed,441925.79594999994,14502.54888542857
2024-07-30,0.0,0.0,6,36006.47,6001.078333333334,6,0,0.0,67.0,Greed,441925.79594999994,1661.0771417142857
2024-07-31,765.690884,17.806764744186047,43,84506.54,1965.2683720930231,3,40,0.32558139534883723,61.0,Greed,442691.4868339999,1681.095628142857
2024-08-01,167.080017,2.9312283684210527,57,227774.53,3996.044385964912,47,4,0.07017543859649122,52.0,Neutral,442858.5668509999,1574.0015934285714
2024-08-02,782.3681909999999,12.418542714285714,63,396320.37,6290.799523809524,58,3,0.2698412698412698,57.0,Greed,443640.9350419999,1290.5523188571426
2024-08-03,464.1897,12.545667567567568,37,290532.86,7852.239459459459,34,1,0.02702702702702703,37.0,Fear,444105.1247419999,442.49032514285716
2024-08-04,-122672.000883,-965.9212667952756,127,1207744.07,9509.795826771655,114,0,0.023622047244094488,34.0,Fear,321433.1238589999,-17165.981091
2024-08-05,-13013.665169,-162.6708146125,80,420495.4,5256.1925,45,3,0.4125,26.0,Fear,308419.45868999994,-19072.333894285715
2024-08-06,267.318048,2.4982995140186914,107,61478.38,574.5642990654205,5,0,0.12149532710280374,17.0,Extreme Fear,308686.7767379999,-19034.14560171429
2024-08-07,188.789255,5.720886515151515,33,2492.77,75.53848484848484,0,0,0.30303030303030304,29.0,Fear,308875.56599299994,-19116.560120142858
2024-08-08,-40.712216999999995,-4.5235796666666666,9,16299.35,1811.038888888889,2,0,0.0,20.0,Extreme Fear,308834.8537759999,-19146.244725
2024-08-09,18082.071276,125.56993941666666,144,503204.86,3494.4781944444444,36,81,0.2986111111111111,48.0,Neutral,326916.9250519999,-16674.85857
2024-08-10,0.0,0.0,88,11339.29,128.8555681818182,0,0,0.0,40.0,Fear,326916.9250519999,-16741.171384285717
2024-08-11,847.7766200000001,35.32402583333334,24,44230.21,1842.9254166666667,4,4,0.16666666666666666,39.0,Fear,327764.70167199994,904.5111161428571
2024-08-12,858.6705000000001,17.88896875,48,54167.32,1128.4858333333334,10,14,0.125,25.0,Fear,328623.37217199994,2886.2733545714286
2024-08-13,212.08102,9.220913913043479,23,20797.87,904.2552173913043,4,8,0.34782608695652173,31.0,Fear,328835.4531919999,2878.382350571428
2024-08-14,2168.9015130000003,86.75606052,25,66710.03,2668.4012,9,0,0.2,30.0,Fear,331004.35470499995,3161.255530285714
2024-08-15,0.0,0.0,12,1522.3700000000001,126.86416666666668,0,0,0.0,29.0,Fear,331004.35470499995,3167.071561285714
2024-08-16,825.230544,23.578015542857145,35,166382.84,4753.795428571429,10,0,0.08571428571428572,27.0,Fear,331829.58524899994,701.8085995714288
2024-08-17,-288.283113,-9.609437100000001,30,30248.96,1008.2986666666667,0,0,0.0,25.0,Fear,331541.30213599995,660.6252977142858
2024-08-18,307.201888,20.480125866666665,15,62804.48,4186.965333333334,12,2,0.8,31.0,Fear,331848.50402399997,583.400336
2024-08-19,339.69958299999996,42.462447874999995,8,100315.03,12539.37875,8,0,0.625,28.0,Fear,332188.20360699994,509.2616335714286
2024-08-20,192.602844,16.050237,12,49914.8,4159.566666666667,4,8,0.08333333333333333,30.0,Fear,332380.8064509999,506.47903700000006
2024-08-21,656.200925,4.525523620689655,145,104990.41,724.0717931034483,2,143,0.3724137931034483,26.0,Fear,333037.00737599994,290.37895299999997
2024-08-23,1005.30527,100.53052699999999,10,63509.56,6350.956,3,7,0.3,34.0,Fear,334042.31264599995,433.9939915714285
2024-08-24,0.0,0.0,7,34999.67,4999.952857142857,0,7,0.0,56.0,Greed,334042.31264599995,316.1039138571428
2024-08-25,0.0,0.0,17,21950.28,1291.1929411764704,0,9,0.0,54.0,Neutral,334042.31264599995,357.2872157142857
2024-08-26,231.236918,38.539486333333336,6,92611.27,15435.211666666668,3,2,0.3333333333333333,55.0,Greed,334273.5495639999,346.4350771428571
2024-08-27,0.0,0.0,50,70250.16,1405.0032,7,0,0.0,48.0,Neutral,334273.5495639999,297.90656528571424
2024-08-28,1333.359645,148.15107166666667,9,71160.06999999999,7906.674444444444,7,2,0.2222222222222222,30.0,Fear,335606.90920899995,460.8718225714286
2024-08-29,0.0,0.0,1,9995.85,9995.85,0,1,0.0,29.0,Fear,335606.90920899995,367.1288332857143
2024-08-30,256.464,42.744,6,37233.24,6205.54,3,1,0.16666666666666666,34.0,Fear,335863.3732089999,260.151509
2024-08-31,10.882801,0.3200823823529412,34,107507.43000000001,3161.983235294118,4,13,0.35294117647058826,29.0,Fear,335874.25600999995,261.70619485714286
2024-09-01,137.433093,11.452757750000002,12,12359.68,1029.9733333333334,4,7,0.4166666666666667,26.0,Fear,336011.689103,281.3394938571429
2024-09-02,0.0,0.0,2,30000.42,15000.21,2,0,0.0,26.0,Fear,336011.689103,248.30564842857143
2024-09-04,1065.785132,31.346621529411763,34,131480.97,3867.0873529411765,4,5,0.14705882352941177,27.0,Fear,337077.474235,400.56066728571426
2024-09-05,0.0,0.0,1,0.84,0.84,0,0,0.0,29.0,Fear,337077.474235,210.080718
2024-09-06,-1104.856765,-26.306113452380952,42,39047.1,929.6928571428571,4,0,0.0,22.0,Extreme Fear,335972.61747,52.244037285714285
2024-09-08,0.0,0.0,1,0.11,0.11,0,0,0.0,29.0,Fear,335972.61747,15.606323
2024-09-09,0.0,0.0,2,4014.4300000000003,2007.2150000000001,0,0,0.0,26.0,Fear,335972.61747,14.051637142857142
2024-09-10,-219.729659,-73.24321966666666,3,2547.28,849.0933333333334,2,0,0.0,33.0,Fear,335752.887811,-36.971613142857144
2024-09-11,0.0,0.0,1,0.54,0.54,0,0,0.0,37.0,Fear,335752.887811,-36.971613142857144
2024-09-14,0.0,0.0,11,1014.8000000000001,92.25454545454546,0,0,0.0,50.0,Neutral,335752.887811,-189.22663200000002
2024-09-18,-878.684794,-6.059895131034483,145,13633.5,94.02413793103449,0,0,0.0,45.0,Neutral,334874.203017,-314.75303114285714
2024-09-19,0.0,0.0,19,1521.8700000000001,80.09842105263158,0,0,0.0,49.0,Neutral,334874.203017,-156.91635042857143
2024-09-20,9585.03428,599.0646425,16,332873.38,20804.58625,12,4,0.5,54.0,Neutral,344459.237297,1212.3742610000002
2024-09-21,36165.56933,1572.416057826087,23,165648.12,7202.092173913044,23,0,1.0,54.0,Neutral,380624.806627,6378.8841652857145
2024-09-22,0.0,0.0,3,19999.739999999998,6666.579999999999,3,0,0.0,52.0,Neutral,380624.806627,6410.274116571428
2024-09-23,334.760796,167.380398,2,40334.29,20167.145,2,0,0.5,50.0,Neutral,380959.567423,6458.097087428571
2024-09-24,0.0,0.0,10,7118.63,711.863,0,1,0.0,54.0,Neutral,380959.567423,6458.097087428571
2024-09-25,0.0,0.0,9,52754.130000000005,5861.570000000001,6,3,0.0,59.0,Greed,380959.567423,6583.623486571429
2024-09-26,439.812513,54.976564125,8,113711.93000000001,14213.991250000001,2,6,0.25,50.0,Neutral,381399.379936,6646.453845571428
2024-09-27,0.0,0.0,56,126097.04,2251.732857142857,0,56,0.0,61.0,Greed,381399.379936,5277.163234142857
2024-09-28,0.0,0.0,4,29199.21,7299.8025,0,4,0.0,64.0,Greed,381399.379936,110.65332985714288
2024-09-30,2710.626288,25.571946113207545,106,214669.85,2025.1872641509435,5,101,0.04716981132075472,61.0,Greed,384110.006224,497.8856567142857
2024-10-01,0.0,0.0,4,139954.32,34988.58,4,0,0.0,50.0,Neutral,384110.006224,450.06268585714287
2024-10-02,0.0,0.0,4,99954.34,24988.585,4,0,0.0,42.0,Fear,384110.006224,450.06268585714287
2024-10-03,100.375782,11.152864666666666,9,132935.69,14770.632222222222,9,0,0.3333333333333333,37.0,Fear,384210.382006,464.40208328571435
2024-10-04,0.0,0.0,1,0.34,0.34,0,0,0.0,41.0,Fear,384210.382006,401.57172428571437
2024-10-05,5767.161892,155.86924032432432,37,605605.74,16367.722702702702,31,5,0.6486486486486487,49.0,Neutral,389977.54389800003,1225.4519945714287
2024-10-06,130.487079,5.9312308636363635,22,300130.56,13642.298181818182,11,11,0.22727272727272727,50.0,Neutral,390108.030977,1244.093005857143
2024-10-07,0.0,0.0,21,219984.65,10475.459523809524,0,21,0.0,50.0,Neutral,390108.030977,856.8606790000002
2024-10-08,5396.546638,149.90407327777777,36,434584.13,12071.781388888889,1,33,0.9166666666666666,49.0,Neutral,395504.577615,1627.7959130000002
2024-10-09,396.06272,28.290194285714286,14,220399.93,15742.852142857142,14,0,0.21428571428571427,49.0,Neutral,395900.640335,1684.3763015714287
2024-10-10,0.0,0.0,16,300024.33999999997,18751.521249999998,16,0,0.0,39.0,Fear,395900.640335,1670.036904142857
2024-10-11,8885.327477,341.74336450000004,26,488904.19,18804.007307692307,18,7,0.6923076923076923,32.0,Fear,404785.967812,2939.3694008571433
2024-10-12,541.55471,54.155471,10,159713.4,15971.34,2,8,0.7,49.0,Neutral,405327.522522,2192.8540891428574
2024-10-13,0.0,0.0,10,60002.42,6000.242,10,0,0.0,50.0,Neutral,405327.522522,2174.213077857143
2024-10-14,1913.61958,382.72391600000003,5,61916.020000000004,12383.204000000002,5,0,1.0,48.0,Neutral,407241.142102,2447.587303571429
2024-10-15,1170.2260760000001,167.17515371428573,7,81173.36,11596.194285714286,7,0,0.5714285714285714,65.0,Greed,408411.36817800003,1843.8272232857146
2024-10-16,219.480876,19.95280690909091,11,80229.17,7293.560909090909,11,0,0.2727272727272727,73.0,Greed,408630.84905400005,1818.6012455714288
2024-10-17,36.11496,4.0127733333333335,9,140531.75,15614.638888888889,9,0,0.1111111111111111,71.0,Greed,408666.964014,1823.760525571429
2024-10-18,333.219141,55.536523499999994,6,120331.43000000001,20055.238333333335,6,0,0.8333333333333334,73.0,Greed,409000.18315500004,602.0307632857146
2024-10-19,0.0,0.0,4,99996.86,24999.215,4,0,0.0,72.0,Greed,409000.18315500004,524.6658047142861
2024-10-20,389.155797,4.05370621875,96,176447.86000000002,1837.9985416666668,6,90,0.11458333333333333,73.0,Greed,409389.338952,580.2594900000003
2024-10-21,2464.915564,14.248066843930635,173,324117.99,1873.5143930635838,11,162,0.3930635838150289,72.0,Greed,411854.25451600004,659.0160591428574
2024-10-22,0.0,0.0,3,60000.36,20000.12,3,0,0.0,70.0,Greed,411854.25451600004,491.8409054285717
2024-10-23,-46.489941,-2.5827745,18,210006.07,11667.003888888888,18,0,0.0,71.0,Greed,411807.76457500004,453.84507442857176
2024-10-25,13235.862071,441.19540236666666,30,427883.18,14262.772666666666,25,5,0.7,72.0,Greed,425043.626646,2339.5232331428574
2024-10-26,42471.99413,7078.6656883333335,6,88668.86,14778.143333333333,0,6,1.0,,,467515.620776,8359.34823157143
2024-10-27,666.6623079999999,166.66557699999998,4,90664.41,22666.1025,3,1,0.75,74.0,Greed,468182.28308400005,8454.585704142857
2024-10-28,167.28016200000002,12.867704769230771,13,121495.25,9345.788461538461,1,9,0.3076923076923077,72.0,Greed,468349.56324600003,8422.889184857142
2024-10-29,801.170876,15.11643162264151,53,613267.8099999999,11571.09075471698,0,53,0.05660377358490566,72.0,Greed,469150.73412200005,8185.211372285713
2024-10-30,9.150023,0.36600091999999995,25,11830.85,473.23400000000004,0,25,0.28,77.0,Extreme Greed,469159.8841450001,8186.518518428571
2024-10-31,1214.043811,25.292579395833332,48,896173.36,18670.278333333332,11,37,0.7083333333333334,77.0,Extreme Greed,470373.9279560001,8366.594768714285
2024-11-01,1040.475736,45.238075478260875,23,260981.03,11347.001304347827,23,0,0.2608695652173913,75.0,Extreme Greed,471414.4036920001,6624.396720857143
2024-11-02,0.0,0.0,2,40000.0,20000.0,2,0,0.0,72.0,Greed,471414.4036920001,556.968988
2024-11-03,0.0,0.0,6,129055.66,21509.27666666667,6,0,0.0,74.0,Greed,471414.4036920001,461.73151542857147
2024-11-04,2799.410474,77.76140205555555,36,451811.97,12550.332499999999,36,0,0.6388888888888888,70.0,Greed,474213.81416600005,837.7501314285715
2024-11-05,678.4759280000001,67.8475928,10,200627.23,20062.723,10,0,0.5,70.0,Greed,474892.29009400005,820.2222817142857
2024-11-06,2817.83723,187.85581533333334,15,123906.9,8260.46,15,0,0.4666666666666667,70.0,Greed,477710.12732400006,1221.4633112857143
2024-11-07,4493.353136,39.764187044247784,113,111335.3,985.2681415929204,18,0,0.5309734513274337,77.0,Extreme Greed,482203.48046000005,1689.936072
2024-11-08,-64.41354100000007,-1.6516292564102582,39,270700.44,6941.036923076923,39,0,0.15384615384615385,75.0,Extreme Greed,482139.06691900006,1532.0947467142855
2024-11-09,102.90894,1.196615581395349,86,193384.41,2248.655930232558,9,77,0.22093023255813954,75.0,Extreme Greed,482241.97585900006,1546.796023857143
2024-11-10,991.114334,5.728984589595376,173,413636.7,2390.963583815029,9,164,0.2947976878612717,78.0,Extreme Greed,483233.09019300004,1688.3837858571428
2024-11-11,6749.630996,18.09552545844504,373,1570572.42,4210.649919571046,24,349,0.24664879356568364,76.0,Extreme Greed,489982.72118900006,2252.7010032857143
2024-11-12,3494.399394,20.435084175438597,171,1226354.52,7171.663859649123,80,91,0.19883040935672514,80.0,Extreme Greed,493477.12058300007,2654.9757841428573
2024-11-13,7846.402274,163.46671404166668,48,515336.37,10736.174375,44,4,0.5625,84.0,Extreme Greed,501323.52285700006,3373.3422189999997
2024-11-14,4563.509225,41.4864475,110,1008361.81,9166.925545454545,110,0,0.2545454545454545,88.0,Extreme Greed,505887.03208200005,3383.364517428571
2024-11-15,4140.740438,27.790204281879195,149,1427858.42,9582.942416107382,116,33,0.3691275167785235,80.0,Extreme Greed,510027.77252000006,3984.1008001428568
2024-11-16,2769.521909,17.640266936305732,157,303296.07,1931.822101910828,65,76,0.3057324840764331,86.0,Extreme Greed,512797.29442900006,4365.045510000001
2024-11-17,882.975285,4.224762129186603,209,1215987.57,5818.122344497608,64,145,0.23444976076555024,90.0,Extreme Greed,513680.26971400005,4349.597074428571
2024-11-18,4470.815187,12.921431176300578,346,2084339.58,6024.102832369942,158,175,0.3583815028901734,83.0,Extreme Greed,518151.084901,4024.051958857143
2024-11-19,2958.268991,9.699242593442623,305,628031.15,2059.118524590164,154,148,0.4918032786885246,90.0,Extreme Greed,521109.35389200004,3947.4619012857142
2024-11-20,4210.0928969999995,7.654714358181818,550,1999514.1199999999,3635.480218181818,433,115,0.3981818181818182,83.0,Extreme Greed,525319.4467890001,3427.9891331428566
2024-11-21,1692.430891,3.1634222261682243,535,598300.62,1118.3189158878504,384,142,0.308411214953271,82.0,Extreme Greed,527011.87768,3017.8350854285713
2024-11-22,-18105.345617,-26.664721085419732,679,1646713.62,2425.2041531664213,426,252,0.3078055964653903,94.0,Extreme Greed,508906.532063,-160.1772081428566
2024-11-23,2901.531638,7.993200104683195,363,516245.68,1422.1644077134986,122,234,0.3526170798898072,93.0,Extreme Greed,511808.063701,-141.31867542857103
2024-11-24,945.550386,5.497385965116279,172,664952.28,3866.001627906977,69,100,0.26744186046511625,80.0,Extreme Greed,512753.614087,-132.3793752857139
2024-11-25,5523.740734,21.66172836862745,255,937410.87,3676.1210588235294,129,112,0.4117647058823529,82.0,Extreme Greed,518277.354821,18.038560000000352
2024-11-26,1094.809359,3.6251965529801327,302,1146902.44,3797.6901986754965,218,77,0.2913907284768212,79.0,Extreme Greed,519372.16418,-248.1699588571425
2024-11-27,-2654.495633,-12.462420812206572,213,1444242.53,6780.481361502348,140,69,0.3474178403755869,75.0,Extreme Greed,516717.66854700004,-1228.8254631428567
2024-11-28,-127075.39958499999,-382.75722766566264,332,1894225.15,5705.497439759036,156,171,0.32831325301204817,77.0,Extreme Greed,389642.26896200003,-19624.229816857143
2024-11-29,176844.994152,449.98726247328244,393,794262.91,2021.0252162849874,64,90,0.48854961832061067,78.0,Extreme Greed,566487.263114,8225.818721571428
2024-11-30,37316.69352,100.04475474530831,373,1732193.7,4643.950938337802,39,166,0.42091152815013405,84.0,Extreme Greed,603803.956634,13142.270418999999
2024-12-01,40886.364494,98.28453003365385,416,814711.82,1958.441875,53,193,0.53125,81.0,Extreme Greed,644690.3211279999,18848.10100585714
2024-12-02,18489.604313,68.48001597407408,270,585243.56,2167.568740740741,84,88,0.4074074074074074,80.0,Extreme Greed,663179.9254409999,20700.367231428572
2024-12-03,23576.539285,63.03887509358289,374,1084666.53,2900.177887700535,162,77,0.4304812834224599,76.0,Extreme Greed,686756.4647259999,23912.042935142854
2024-12-04,292891.815021,918.1561599404388,319,769287.65,2411.5600313479626,55,140,0.46394984326018807,78.0,Extreme Greed,979648.2797469998,66132.94445714286
2024-12-05,71574.11848800001,156.96078615789474,456,1256750.79,2756.0324342105264,49,315,0.4232456140350877,84.0,Extreme Greed,1051222.3982349997,94511.44703899999
2024-12-06,-92624.643895,-229.83782604218362,403,3471019.22,8612.950918114144,56,243,0.23325062034739455,72.0,Greed,958597.7543399998,56015.78446085715
2024-12-07,85906.279067,282.5864442993421,304,451733.42,1485.965197368421,0,229,0.4309210526315789,75.0,Extreme Greed,1044504.0334069998,62957.15382471428
2024-12-08,15965.933436,38.014127228571425,420,932939.72,2221.2850476190474,4,288,0.3619047619047619,79.0,Extreme Greed,1060469.9668429997,59397.092245
2024-12-09,6310.967676,11.708659881261596,539,983949.68,1825.5096103896105,40,211,0.31910946196660483,78.0,Extreme Greed,1066780.9345189997,57657.28701114284
2024-12-10,39325.770231,24.640206911654136,1596,3150424.08,1973.94992481203,172,346,0.5870927318295739,78.0,Extreme Greed,1106106.7047499996,59907.177146285714
2024-12-11,319051.554217,261.30348420720725,1221,2194098.33,1796.9683292383293,127,362,0.7125307125307125,74.0,Greed,1425158.2589669996,63644.28274571429
2024-12-12,599151.795008,310.1199767122153,1932,4557189.87,2358.7939285714288,102,333,0.6997929606625258,83.0,Extreme Greed,2024310.0539749996,139012.52224857145
2024-12-13,31935.901745,27.22583268968457,1173,2880824.64,2455.9459846547315,407,230,0.40153452685422,76.0,Extreme Greed,2056245.9557199995,156806.88591142857
2024-12-14,167801.399244,135.87157833522267,1235,2369561.78,1918.6735060728743,719,161,0.47368421052631576,83.0,Extreme Greed,2224047.3549639997,168506.18879385715
2024-12-15,97525.315279,57.4692488385386,1697,2583269.81,1522.256812021214,794,163,0.24572775486152032,80.0,Extreme Greed,2321572.6702429997,180157.52905714285
2024-12-16,166774.344133,158.07994704549765,1055,2740808.97,2597.9231943127966,336,218,0.5071090047393365,83.0,Extreme Greed,2488347.0143759996,203080.86855100002
2024-12-17,219591.305172,113.13307839876352,1941,5233597.63,2696.3408706852138,659,452,0.4363730036063885,87.0,Extreme Greed,2707938.3195479997,228833.08782828573
2024-12-18,13682.994673,9.575223703988803,1429,3798887.07,2658.423421973408,344,388,0.36599020293911827,81.0,Extreme Greed,2721621.314221,185209.00789342858
2024-12-19,62744.004486000005,18.79125621024259,3339,8241709.39,2468.316678646301,837,175,0.6148547469302186,75.0,Extreme Greed,2784365.318707,108579.32353314289
2024-12-20,254969.660039,102.47976689670418,2488,7681274.71,3087.3290635048234,554,450,0.5558681672025724,74.0,Greed,3039334.978746,140441.2890037143
2024-12-21,150022.163157,89.24578415050566,1681,4382875.12,2607.302272456871,403,283,0.5496728138013087,73.0,Greed,3189357.1419030004,137901.3981341429
2024-12-22,352197.163973,455.03509557235145,774,3087320.22,3988.7858139534887,299,313,0.4354005167958656,73.0,Greed,3541554.3058760003,174283.0908047143
2024-12-23,-29430.626577,-12.53967898466127,2347,6771878.26,2885.333728163613,90,617,0.2901576480613549,70.0,Greed,3512123.679299,146253.8092747143
2024-12-24,14813.780116,43.827751822485205,338,1767036.11,5227.917485207101,51,170,0.33727810650887574,73.0,Greed,3526937.4594150004,116999.87712385715
2024-12-25,756.6570469999998,3.637774264423076,208,347889.35,1672.5449519230767,14,117,0.30288461538461536,73.0,Greed,3527694.116462,115153.25746300002
2024-12-26,60228.639722,86.41124780774749,697,2205242.65,3163.9062410329984,24,245,0.5136298421807748,79.0,Extreme Greed,3587922.756184,114793.91963957144
2024-12-27,2672.811035,10.280042442307693,260,347913.0,1338.126923076923,54,168,0.4230769230769231,74.0,Greed,3590595.567219,78751.51263900001
2024-12-28,940.673623,5.842693310559007,161,281555.01,1748.7888819875777,13,108,0.22981366459627328,72.0,Greed,3591536.2408419997,57454.15699128573
2024-12-29,2884.067927,14.348596651741294,201,344628.54,1714.5698507462685,8,162,0.31840796019900497,73.0,Greed,3594420.3087689998,7552.286127571445
2024-12-30,9009.738137,29.637296503289473,304,1073865.73,3532.453059210526,90,139,0.39473684210526316,65.0,Greed,3603430.0469059995,13043.766801000018
2024-12-31,5445.01281,17.794159509803922,306,877164.62,2866.551045751634,154,107,0.3006535947712418,64.0,Greed,3608875.0597159998,11705.371471571445
2025-01-01,-9528.065345,-99.25068067708334,96,282582.1,2943.5635416666664,7,42,0.3020833333333333,66.0,Greed,3599346.9943709997,10236.125415571443
2025-01-02,8716.519087,24.145482235457067,361,774674.84,2145.9136842105263,79,236,0.45706371191135736,70.0,Greed,3608063.5134579996,2877.251039142874
2025-01-03,6028.486793,11.867099986220472,508,771208.99,1518.1279330708662,95,350,0.27165354330708663,74.0,Greed,3614092.0002509994,3356.633290285731
2025-01-04,2553.537968,6.882851665768194,371,1826029.6199999999,4921.912722371967,41,296,0.20215633423180593,73.0,Greed,3616645.5382189993,3587.042482428588
2025-01-05,3187.719363,13.337737920502093,239,451943.57,1890.977280334728,28,167,0.41841004184100417,72.0,Greed,3619833.257581999,3630.4212590000166
2025-01-06,6064.185393,10.583220581151831,573,556526.99,971.2512914485166,37,436,0.15532286212914484,76.0,Extreme Greed,3625897.442974999,3209.6280098571597
2025-01-07,16098.227531,25.271942748822607,637,1313178.1,2061.504081632653,69,547,0.7613814756671899,78.0,Extreme Greed,3641995.670505999,4731.515827142874
2025-01-08,130117.090554,125.23300342059672,1039,3177275.18,3058.0126852743024,531,408,0.37151106833493747,70.0,Greed,3772112.761059999,24680.823812714305
2025-01-09,46975.928902,89.99220096168582,522,1020733.25,1955.427681992337,217,268,0.2777777777777778,69.0,Greed,3819088.689961999,30146.453786285732
2025-01-10,-10116.875552,-12.352717401709402,819,6547449.68,7994.444053724053,582,223,0.5274725274725275,50.0,Neutral,3808971.814409999,27839.97345128573
2025-01-11,2269.080536,8.017952424028268,283,1658098.71,5859.006042402827,164,74,0.24381625441696114,69.0,Greed,3811240.894945999,27799.336675285733
2025-01-12,5742.241803,9.538607646179402,602,2258459.17,3751.59330564784,508,75,0.7840531561461794,62.0,Greed,3816983.1367489994,28164.268452428583
2025-01-13,9655.429352,23.66526801960784,408,2936648.0100000002,7197.666691176471,266,65,0.3872549019607843,61.0,Greed,3826638.5661009992,28677.3033037143
2025-01-14,16069.512355,58.43459038181818,275,876581.97,3187.5708,82,110,0.49818181818181817,63.0,Greed,3842708.078455999,28673.201135714302
2025-01-15,14819.5883,55.50407602996255,267,1801599.8900000001,6747.565131086143,102,136,0.4606741573033708,70.0,Greed,3857527.666755999,12202.129385142875
2025-01-16,20807.709328,56.08546988679245,371,3049692.96,8220.196657681941,119,219,0.3423180592991914,75.0,Extreme Greed,3878335.376083999,8463.812303142873
2025-01-17,7006.415608,29.43872104201681,238,1110230.46,4664.8338655462185,91,112,0.5294117647058824,75.0,Extreme Greed,3885341.791691999,10909.996754571444
2025-01-18,443.2330819999997,0.6808495883256523,651,2711629.88,4165.330076804916,199,379,0.38095238095238093,77.0,Extreme Greed,3885785.024773999,10649.161404000017
2025-01-19,87923.799302,56.10963580216975,1567,9715215.3,6199.8821314613915,696,665,0.20229738353541799,77.0,Extreme Greed,3973708.824075999,22389.383903857157
2025-01-20,87277.239173,66.37052408593155,1315,8287327.01,6302.149817490495,672,442,0.5224334600760456,76.0,Extreme Greed,4060986.0632489994,33478.21387828573
2025-01-21,11077.839421,20.901583813207548,530,1523729.82,2874.961924528302,108,320,0.3867924528301887,76.0,Extreme Greed,4072063.9026699993,32765.117744857158
2025-01-22,20524.408057,24.66875968389423,832,1778406.43,2137.5077283653845,350,425,0.28125,84.0,Extreme Greed,4092588.3107269993,33580.091995857154
2025-01-23,101256.24216,83.13320374384236,1218,3697028.66,3035.3273070607556,592,586,0.6609195402298851,75.0,Extreme Greed,4193844.552886999,45072.73954328573
2025-01-24,10602.779738,12.131326931350113,874,1611433.45,1843.7453661327231,260,163,0.5583524027459954,75.0,Extreme Greed,4204447.332624999,45586.50584757144
2025-01-25,-10348.016255999999,-20.450625011857706,506,1239377.7,2449.363043478261,188,173,0.27865612648221344,75.0,Extreme Greed,4194099.316368999,44044.89879928574
2025-01-26,40823.466668,90.51766445232816,451,1201173.66,2663.3562305986693,118,282,0.43458980044345896,73.0,Greed,4234922.783036999,37316.279851571446
2025-01-27,41331.765392,53.469295461837,773,1508028.31,1950.8775032341528,341,205,0.4760672703751617,71.0,Greed,4276254.548428999,30752.640740000013
2025-01-28,17979.613973,36.103642516064255,498,579412.17,1163.4782530120483,190,143,0.6285140562248996,72.0,Greed,4294234.162401999,31738.608533142873
2025-01-29,23421.01147,25.737375241758244,910,1897513.41,2085.1795714285713,80,663,0.4164835164835165,72.0,Greed,4317655.173872,32152.409020714305
2025-01-30,23097.471385,21.64711470009372,1067,3014397.17,2825.114498594189,212,709,0.3467666354264292,70.0,Greed,4340752.645257,20986.870338571443
2025-01-31,35868.296773,35.303441705708664,1016,2783411.48,2739.578228346457,352,525,0.5413385826771654,76.0,Extreme Greed,4376620.94203,24596.229915000014
2025-02-01,32300.205017,50.946695610410096,634,1363746.44,2151.019621451104,115,264,0.5962145110410094,68.0,Greed,4408921.147047,30688.832954000016
2025-02-02,162854.759623,123.46835452843062,1319,5661092.29,4291.957763457164,564,204,0.35860500379075055,60.0,Greed,4571775.90667,48121.8748047143
2025-02-03,348871.326269,146.58459086932774,2380,22592901.37,9492.815701680673,1142,860,0.4634453781512605,44.0,Fear,4920647.232939,92056.09778714286
2025-02-04,416876.88812,165.9541752070064,2512,15678409.27,6241.404964171974,925,1488,0.276671974522293,72.0,Greed,5337524.1210590005,149041.42266528573
2025-02-05,56706.235562,43.721075992289904,1297,8743231.51,6741.1191287586735,474,487,0.3215111796453354,54.0,Neutral,5394230.356621001,153796.4546784286
2025-02-06,33803.799733,19.84955944392249,1703,2818508.87,1655.0257604227834,986,527,0.46095126247798,49.0,Neutral,5428034.156354001,155325.93015671428
2025-02-07,22450.002091,14.730972500656167,1524,3460263.54,2270.5141338582675,1165,163,0.2821522309711286,44.0,Fear,5450484.158445001,153409.0309164286
2025-02-08,586.703253,1.0203534834782608,575,839734.97,1460.4086434782607,366,20,0.19130434782608696,44.0,Fear,5451070.861698001,148878.5306644286
2025-02-09,150551.829492,197.05736844502616,764,2920919.7,3823.19332460733,160,526,0.4306282722513089,46.0,Neutral,5601622.691190001,147120.96921714288
2025-02-10,63908.49465,71.88807047244094,889,3624958.44,4077.5685489313837,445,299,0.4780652418447694,43.0,Fear,5665531.18584,106411.99327157145
2025-02-11,-6093.784817,-7.186067001179245,848,2797544.17,3298.990766509434,270,186,0.21816037735849056,47.0,Neutral,5659437.4010230005,45987.611423428585
2025-02-12,19848.635032,19.251828353055284,1031,4143974.54,4019.3739476236665,593,329,0.4626576139670223,46.0,Neutral,5679286.0360550005,40722.23991914287
2025-02-13,27829.534238,20.313528640875912,1370,3199852.21,2335.6585474452554,767,492,0.4678832116788321,50.0,Neutral,5707115.570293001,39868.773419857156
2025-02-14,213860.675308,129.22095184773414,1655,4007103.42,2421.210525679758,508,582,0.42900302114803623,48.0,Neutral,5920976.245601001,67213.15530800002
2025-02-15,45042.92701,48.32932082618026,932,1712852.95,1837.8250536480687,621,239,0.4302575107296137,50.0,Neutral,5966019.172611001,73564.04441614287
2025-02-16,2369.478425,3.4794103157121876,681,806177.64,1183.8144493392072,310,247,0.44052863436123346,54.0,Neutral,5968388.651036001,52395.13712085716
2025-02-17,1818.573295,1.9325964877789585,941,2031044.64,2158.3896280552603,270,178,0.22422954303931988,51.0,Neutral,5970207.224331001,43525.14835585716
2025-02-18,91204.672403,54.418062292959426,1676,3371128.68,2011.413293556086,548,493,0.5119331742243437,47.0,Neutral,6061411.896734001,57424.9279587143
2025-02-19,14985.794701,11.010870463629685,1361,3263930.24,2398.185334313005,586,364,0.4276267450404115,44.0,Fear,6076397.691435001,56730.23648285716
2025-02-20,46008.794102,22.867193887673956,2012,4628609.29,2300.5016351888667,1374,526,0.47912524850894633,49.0,Neutral,6122406.485537001,59327.27360628574
2025-02-21,119693.49395,63.904695114789114,1873,3972159.88,2120.747399893219,1239,599,0.5221569674319274,55.0,Greed,6242099.979487001,45874.81912657145
2025-02-22,25278.704178,36.849423,686,3175570.2,4629.111078717201,362,304,0.4970845481049563,49.0,Neutral,6267378.683665001,43051.358722000026
2025-02-23,10656.934251,20.494104328846156,520,1141310.74,2194.8283461538463,217,228,0.45,50.0,Neutral,6278035.617916001,44235.28098285716
2025-02-24,38470.176242,6.850102607193732,5616,11223619.59,1998.5077617521367,4852,284,0.39672364672364674,49.0,Neutral,6316505.794158001,49471.22426100002
2025-02-25,204762.177034,32.782929400256165,6246,19414984.36,3108.3868651937237,4191,1153,0.260646813960935,25.0,Fear,6521267.971192001,65693.72492257145
2025-02-26,63229.063129,53.76621014370748,1176,4946958.13,4206.597049319727,583,500,0.6709183673469388,21.0,Extreme Fear,6584497.034321002,72585.62041228575
2025-02-27,-36525.167517,-41.039514064044944,890,1999898.43,2247.0768876404495,85,757,0.27752808988764044,10.0,Extreme Fear,6547971.866804002,60795.05446671431
2025-02-28,225628.108748,221.4211077016683,1019,4123660.77,4046.7721000981355,400,432,0.3886162904808636,16.0,Extreme Fear,6773599.975552002,75928.57086642859
2025-03-01,10596.108968,60.897177977011495,174,263824.13,1516.230632183908,57,96,0.4482758620689655,20.0,Extreme Fear,6784196.084520002,73831.05726500002
2025-03-02,66914.320708,125.77879832330827,532,6460848.74,12144.452518796992,341,100,0.5018796992481203,26.0,Fear,6851110.405228002,81867.82675885715
2025-03-03,616413.032233,415.9332201302294,1482,8244590.38,5563.151403508772,466,900,0.6153846153846154,33.0,Fear,7467523.437461002,164431.09190042858
2025-03-04,182075.566585,75.80165136761032,2402,11124247.15,4631.24360949209,1834,242,0.25353871773522063,15.0,Extreme Fear,7649599.0040460015,161190.14755057145
2025-03-05,269328.365917,162.24600356445782,1660,9193654.22,5538.345915662651,1335,201,0.7584337349397591,20.0,Extreme Fear,7918927.369963001,190632.90509171432
2025-03-06,16101.125561,21.18569152763158,760,6765324.96,8901.743368421052,401,281,0.48026315789473684,25.0,Fear,7935028.495524001,198150.94696000003
2025-03-07,150236.061627,58.86993010462382,2552,19854275.48,7779.888510971787,2167,248,0.5223354231974922,34.0,Fear,8085264.557151001,187380.65451414287
2025-03-08,24700.773359,46.69333338185255,529,892083.51,1686.3582419659735,264,74,0.5689981096408318,28.0,Fear,8109965.330510001,189395.60657
2025-03-09,19773.457395,13.905384947257385,1422,10419697.99,7327.495070323488,891,296,0.4409282700421941,27.0,Fear,8129738.787905001,182661.19752528574
2025-03-10,-10010.027269999999,-3.438690233596702,2911,16811790.68,5775.263029886637,2647,17,0.39745791824115423,20.0,Extreme Fear,8119728.760635001,93172.18902485716
2025-03-11,-76880.729036,-23.3964482763238,3286,14016952.09,4265.657970176507,2411,610,0.18746195982958003,24.0,Extreme Fear,8042848.031599001,56178.43250757144
2025-03-12,288105.984215,72.60735489289314,3968,18618139.15,4692.071358366935,3132,414,0.5645161290322581,34.0,Fear,8330954.015814001,58860.94940728573
2025-03-13,14114.870873,14.672422944906446,962,3285591.22,3415.375488565489,832,95,0.4573804573804574,45.0,Neutral,8345068.886687,58577.19873757144
2025-03-14,68646.160089,31.061610899999998,2210,8047187.16,3641.261158371041,2014,192,0.8538461538461538,27.0,Fear,8413715.046776,46921.49851785716
2025-03-15,78694.624572,301.51197154022987,261,2355749.54,9025.86030651341,79,184,0.5938697318007663,46.0,Neutral,8492409.671348,54634.90583400002
2025-03-16,-7910.943544999999,-14.926308575471696,530,10187921.51,19222.49341509434,287,216,0.2320754716981132,30.0,Fear,8484498.727803,50679.99141400001
2025-03-17,26163.906513,28.439028818478263,920,3592895.05,3905.320706521739,398,426,0.4532608695652174,32.0,Fear,8510662.634316,55847.69624014287
2025-03-18,72322.788824,86.71797221103118,834,4050655.47,4856.901043165468,396,440,0.22541966426858512,34.0,Fear,8582985.423139999,77162.48450585715
2025-03-19,29374.682341,18.222507655707197,1612,4598813.57,2852.8620161290323,1066,473,0.4162531017369727,32.0,Fear,8612360.105480999,40200.8699524286
2025-03-20,10246.859436,13.290349463035021,771,1652257.93,2143.0063942931256,589,180,0.4085603112840467,49.0,Neutral,8622606.964916999,39648.29689000002
2025-03-21,6951.270374,9.958840077363897,698,2543903.39,3644.560730659026,633,49,0.5,31.0,Fear,8629558.235290999,30834.741216428596
2025-03-22,12498.535254,23.361748138317758,535,971809.42,1816.4662056074767,97,412,0.4747663551401869,32.0,Fear,8642056.770544998,21378.15702814288
2025-03-23,14047.421585,31.425999071588368,447,2593519.67,5802.057427293064,243,157,0.32662192393736017,30.0,Fear,8656104.192129998,24515.066332428592
2025-03-24,107878.961301,105.04280555111977,1027,3017587.05,2938.254186952288,451,521,0.6153846153846154,45.0,Neutral,8763983.153430998,36188.645587857165
2025-03-25,32030.90678,40.49419314791403,791,5372519.77,6792.060391908975,594,165,0.3615676359039191,46.0,Neutral,8796014.060211,30432.662438714306
2025-03-26,15802.167427,5.094186791424887,3102,7597754.37,2449.30830754352,1975,1019,0.27111540941328177,47.0,Neutral,8811816.227637999,28493.731736714308
2025-03-27,58825.359221,74.9367633388535,785,3240279.46,4127.744535031847,369,384,0.33375796178343947,40.0,Fear,8870641.586858999,35433.51742028574
2025-03-28,21337.179335,29.30931227335165,728,1483092.61,2037.2151236263737,496,163,0.3173076923076923,44.0,Fear,8891978.766193999,37488.64727185717
2025-03-29,12098.872931,6.38800049155227,1894,3668151.83,1936.7221911298839,1730,59,0.3558606124604013,26.0,Fear,8904077.639124999,37431.55265428573
2025-03-30,15795.11514,27.8083013028169,568,2850874.96,5019.146056338028,532,25,0.16549295774647887,32.0,Fear,8919872.754265,37681.22316214287
2025-03-31,6978.184557,14.097342539393939,495,2164772.4699999997,4373.277717171717,290,21,0.5232323232323233,34.0,Fear,8926850.938822,23266.826484428595
2025-04-01,-2202.6622420000003,-11.472199177083334,192,704445.1900000001,3668.9853645833336,109,68,0.4583333333333333,34.0,Fear,8924648.276579998,18376.316624142877
2025-04-02,202212.740938,187.930056633829,1076,3867930.6,3594.7310408921935,948,109,0.8949814126394052,44.0,Fear,9126861.017517999,45006.39855428574
2025-04-03,-2365.961276,-1.353524757437071,1748,8670233.15,4960.087614416476,1527,198,0.2974828375286041,25.0,Fear,9124495.056241998,36264.78134042859
2025-04-04,-25515.678949999998,-20.05949602987421,1272,3835545.73,3015.3661399371067,978,239,0.38757861635220126,28.0,Fear,9098979.377291998,29571.515871142878
2025-04-05,35907.33771,99.74260475,360,1267564.22,3521.011722222222,310,30,0.5805555555555556,30.0,Fear,9134886.715001998,32972.72512528573
2025-04-06,47053.449272,44.89832945801527,1048,3551252.06,3388.59929389313,896,117,0.31679389312977096,34.0,Fear,9181940.164273998,37438.20142985716
2025-04-07,34527.370305,12.269854408315563,2814,14460253.14,5138.682707889126,1628,1088,0.23916133617626156,23.0,Extreme Fear,9216467.534578998,41373.79939385717
2025-04-08,34899.394798,37.00890222481442,943,8869391.4,9405.505196182397,680,160,0.4093319194061506,24.0,Extreme Fear,9251366.929376997,46674.0932567143
2025-04-09,43120.444797,10.86978694151752,3967,28556806.47,7198.589984875221,1586,2199,0.43055205444920597,18.0,Extreme Fear,9294487.374173997,23946.62237942859
2025-04-10,158261.822261,74.40612236060178,2127,28741953.29,13512.90704748472,699,1399,0.5289139633286318,39.0,Fear,9452749.196434997,46893.44859900001
2025-04-11,126406.479081,115.33437872354014,1096,11319327.07,10327.853166058394,335,697,0.3357664233576642,25.0,Fear,9579155.675515996,68596.61403200003
2025-04-12,410419.694533,194.60393292223802,2109,55914617.49,26512.383826458037,692,1332,0.2721669037458511,43.0,Fear,9989575.370048996,122098.3792924286
2025-04-13,48696.021521,36.86299888039364,1321,14171154.79,10727.596358819075,546,717,0.3618470855412566,45.0,Neutral,10038271.391569996,122333.03247085716
2025-04-14,45680.443063,51.32634052022472,890,13079972.98,14696.598853932584,579,275,0.42247191011235957,31.0,Fear,10083951.834632996,123926.3285791429
2025-04-15,72357.706282,63.976751796640144,1131,20752168.24,18348.51303271441,543,574,0.5720601237842617,38.0,Fear,10156309.540914996,129277.51593400002
2025-04-16,58631.730257,36.46251881654229,1608,36502715.9,22700.69396766169,983,512,0.3401741293532338,29.0,Fear,10214941.271171996,131493.41385685717
2025-04-17,5427.919886,5.264713759456837,1031,2604551.51,2526.238128031038,115,890,0.30358874878758485,30.0,Fear,10220369.191057997,109659.99923185715
2025-04-18,4880.4047439999995,2.576771248152059,1894,24610650.46,12994.007634635693,390,1140,0.5126715945089757,33.0,Fear,10225249.595801996,92299.13146942858
2025-04-19,71950.577495,25.82576363783202,2786,32706462.71,11739.577426417804,584,1856,0.2921751615218952,32.0,Fear,10297200.173296995,43946.40046400001
2025-04-20,25060.341936,12.643966668012109,1982,12126094.05,6118.110015136226,176,1372,0.3985872855701312,37.0,Fear,10322260.515232995,40569.874809000015
2025-04-21,34369.267906999994,20.005394590803256,1718,42104054.84,24507.598859138536,680,824,0.3940628637951106,39.0,Fear,10356629.783139994,38953.99264385716
2025-04-22,58652.763578,19.563963835223483,2998,33753625.24,11258.714222815212,528,2467,0.2961974649766511,47.0,Neutral,10415282.546717994,36996.143686142874
2025-04-23,-419020.225731,-68.03380836678032,6159,30682443.79,4981.72492125345,1260,4399,0.324728040266277,72.0,Greed,9996262.320986994,-31239.850026428558
2025-04-24,50704.395965,22.717023281810036,2232,35088918.64,15720.841684587815,1357,530,0.4135304659498208,63.0,Greed,10046966.716951994,-24771.782015142842
2025-04-25,20218.859206,12.231614764670297,1653,27749455.78,16787.32957047792,236,1104,0.38596491228070173,60.0,Greed,10067185.576157995,-22580.57423485713
2025-04-26,-4125.753942,-3.6478814694960215,1131,11948127.77,10564.215534924844,339,393,0.1724137931034483,65.0,Greed,10063059.822215995,-33448.621582999986
2025-04-27,2702.067468,8.018004356083086,337,487537.69,1446.6993768545994,171,37,0.3560830860534125,61.0,Greed,10065761.889683995,-36642.66079271427
2025-04-28,36906.813759,26.763461754169686,1379,26124921.49,18944.83066715011,868,325,0.4169688179840464,54.0,Neutral,10102668.703442995,-36280.15424242856
2025-04-29,125749.613427,56.06313572313866,2243,34089511.66,15198.177289344627,993,1034,0.43201069995541685,60.0,Greed,10228418.316869995,-26694.889978285697
2025-04-30,14003.797269,12.582028094339623,1113,12693878.85,11405.10229110512,543,130,0.26504941599281223,56.0,Greed,10242422.114138994,35165.68473600001
2025-05-01,54536.829297000004,44.338885607317074,1230,10720240.52,8715.642699186992,347,340,0.43089430894308944,53.0,Neutral,10296958.943435995,35713.17521200002
